Model,Accuracy,Precision,Recall,F1 Score,ROC-AUC
AdaBoost,0.769,0.7361853832442068,0.8326612903225806,0.7814569536423841,0.8617491519457245
XGBoost,0.918,0.9156626506024096,0.9193548387096774,0.9175050301810865,0.9763144841269842
