Model,Accuracy,Precision,Recall,F1 Score,ROC-AUC
AdaBoost,0.788,0.7784313725490196,0.8004032258064516,0.7892644135188867,0.8766561059907834
XGBoost,0.918,0.9156626506024096,0.9193548387096774,0.9175050301810865,0.9763144841269842
