Model,Accuracy,Precision,Recall,F1 Score,ROC-AUC
AdaBoost,0.9241666666666667,0.8926282051282052,0.9586919104991394,0.9244813278008299,0.9738557275490143
XGBoost,0.9616666666666667,0.9465776293823038,0.9759036144578314,0.9610169491525423,0.9898787395137902
