K,Inertia (WCSS),Silhouette Score,Davies-Bouldin Index
4,4359.521572473555,0.6876600436588094,0.43654409390006543
