K,Inertia,Silhouette Score,Davies-Bouldin Index
4,261.8907914296692,0.964778165058967,0.04947186058582659
